{
    "Ar36": {
        "error": 0.00031602426646118974, 
        "filter_outliers_dict": {
            "filter_outliers": true, 
            "iterations": 1, 
            "std_devs": 2
        }, 
        "fit": "Linear", 
        "value": 0.01322143171882846
    }, 
    "Ar37": {
        "error": 0.009994622066709135, 
        "filter_outliers_dict": {
            "filter_outliers": true, 
            "iterations": 1, 
            "std_devs": 2
        }, 
        "fit": "linear", 
        "value": 0.0549872185357615
    }, 
    "Ar38": {
        "error": 0.004827401129659119, 
        "filter_outliers_dict": {
            "filter_outliers": true, 
            "iterations": 1, 
            "std_devs": 2
        }, 
        "fit": "linear", 
        "value": 0.012768219933391747
    }, 
    "Ar39": {
        "error": 0.011837834114640695, 
        "filter_outliers_dict": {
            "filter_outliers": true, 
            "iterations": 1, 
            "std_devs": 2
        }, 
        "fit": "Linear", 
        "value": 1.4254964954062466
    }, 
    "Ar40": {
        "error": 0.010492850242855177, 
        "filter_outliers_dict": {
            "filter_outliers": true, 
            "iterations": 1, 
            "std_devs": 2
        }, 
        "fit": "Linear", 
        "value": 12.497413631308138
    }, 
    "Ar41": {
        "error": 0.0031039447814307374, 
        "filter_outliers_dict": {
            "filter_outliers": true, 
            "iterations": 1, 
            "std_devs": 2
        }, 
        "fit": "Average", 
        "value": -0.08276895397192455
    }
}